<?xml version="1.0"?>
<!DOCTYPE suppressions PUBLIC
		"-//Puppy Crawl//DTD Suppressions 1.1//EN"
		"https://www.puppycrawl.com/dtds/suppressions_1_1.dtd">
<suppressions>
	<suppress files="[\\/]src[\\/]test[\\/](java|groovy)[\\/]"
			  checks="(Javadoc*|HideUtility*)"/>
	<suppress files=".*sample.*" checks="(Javadoc*|HideUtility*)"/>
	<suppress files=".*example.*" checks="(Javadoc*|HideUtility*)"/>
	<suppress files=".*integration-tests.*" checks="(Javadoc*|HideUtility*)"/>
	<suppress files="(.*Tests\.java|.*Tests\.groovy)" checks="Javadoc*"/>
	<suppress files=".*src.test.java.*" checks="Javadoc*"/>
	<suppress files="generated-sources" checks="[a-zA-Z0-9]*"/>
	<suppress files=".*target.*" checks="[a-zA-Z0-9]*"/>
	<suppress files=".*build.*" checks="[a-zA-Z0-9]*"/>
</suppressions>